ticker,industry_group
A,"Pharmaceuticals, Biotechnology & Life Sciences"
AA,Materials
AAL,Transportation
AAN,Retailing
AAOI,Technology Hardware & Equipment
AAON,Capital Goods
AAP,Retailing
AAPL,Technology Hardware & Equipment
AAT,Real Estate
AAWW,Transportation
AAXN,Capital Goods
ABBV,"Pharmaceuticals, Biotechnology & Life Sciences"
ABC,Health Care Equipment & Services
ABCB,Banks
ABEO,"Pharmaceuticals, Biotechnology & Life Sciences"
ABG,Retailing
ABM,Commercial & Professional Services
ABMD,Health Care Equipment & Services
ABT,Health Care Equipment & Services
ABTX,Banks
AC,Diversified Financials
ACA,Capital Goods
ACAD,"Pharmaceuticals, Biotechnology & Life Sciences"
ACBI,Banks
ACC,Real Estate
ACCO,Commercial & Professional Services
ACER,"Pharmaceuticals, Biotechnology & Life Sciences"
ACGL,Insurance
ACHC,Health Care Equipment & Services
ACIA,Technology Hardware & Equipment
ACIW,Software & Services
ACLS,Semiconductors & Semiconductor Equipment
ACM,Capital Goods
ACN,Software & Services
ACNB,Banks
ACOR,"Pharmaceuticals, Biotechnology & Life Sciences"
ACRE,Diversified Financials
ACRS,"Pharmaceuticals, Biotechnology & Life Sciences"
ACRX,"Pharmaceuticals, Biotechnology & Life Sciences"
ACTG,Commercial & Professional Services
ADBE,Software & Services
ADC,Real Estate
ADES,Materials
ADI,Semiconductors & Semiconductor Equipment
ADM,"Food, Beverage & Tobacco"
ADMA,"Pharmaceuticals, Biotechnology & Life Sciences"
ADMS,"Pharmaceuticals, Biotechnology & Life Sciences"
ADNT,Automobiles & Components
ADP,Software & Services
ADPT,"Pharmaceuticals, Biotechnology & Life Sciences"
ADRO,"Pharmaceuticals, Biotechnology & Life Sciences"
ADS,Software & Services
ADSK,Software & Services
ADSW,Commercial & Professional Services
ADT,Commercial & Professional Services
ADTN,Technology Hardware & Equipment
ADUS,Health Care Equipment & Services
ADVM,"Pharmaceuticals, Biotechnology & Life Sciences"
AEE,Utilities
AEGN,Capital Goods
AEIS,Semiconductors & Semiconductor Equipment
AEL,Insurance
AEO,Retailing
AEP,Utilities
AERI,"Pharmaceuticals, Biotechnology & Life Sciences"
AES,Utilities
AFG,Insurance
AFI,Capital Goods
AFIN,Real Estate
AFL,Insurance
AFMD,"Pharmaceuticals, Biotechnology & Life Sciences"
AGCO,Capital Goods
AGE,"Pharmaceuticals, Biotechnology & Life Sciences"
AGEN,"Pharmaceuticals, Biotechnology & Life Sciences"
AGIO,"Pharmaceuticals, Biotechnology & Life Sciences"
AGLE,"Pharmaceuticals, Biotechnology & Life Sciences"
AGM,Banks
AGNC,Diversified Financials
AGO,Insurance
AGR,Utilities
AGS,Consumer Services
AGX,Capital Goods
AGYS,Software & Services
AHH,Real Estate
AHT,Real Estate
AI,Diversified Financials
AIG,Insurance
AIMC,Capital Goods
AIMT,"Pharmaceuticals, Biotechnology & Life Sciences"
AIN,Capital Goods
AIR,Capital Goods
AIRG,Technology Hardware & Equipment
AIT,Capital Goods
AIV,Real Estate
AIZ,Insurance
AJG,Insurance
AJRD,Capital Goods
AJX,Diversified Financials
AKAM,Software & Services
AKBA,"Pharmaceuticals, Biotechnology & Life Sciences"
AKCA,"Pharmaceuticals, Biotechnology & Life Sciences"
AKR,Real Estate
AKRO,"Pharmaceuticals, Biotechnology & Life Sciences"
AKRX,"Pharmaceuticals, Biotechnology & Life Sciences"
AKTS,Technology Hardware & Equipment
AL,Capital Goods
ALB,Materials
ALBO,"Pharmaceuticals, Biotechnology & Life Sciences"
ALCO,"Food, Beverage & Tobacco"
ALDX,"Pharmaceuticals, Biotechnology & Life Sciences"
ALE,Utilities
ALEC,"Pharmaceuticals, Biotechnology & Life Sciences"
ALEX,Real Estate
ALG,Capital Goods
ALGN,Health Care Equipment & Services
ALGT,Transportation
ALK,Transportation
ALKS,"Pharmaceuticals, Biotechnology & Life Sciences"
ALL,Insurance
ALLE,Capital Goods
ALLK,"Pharmaceuticals, Biotechnology & Life Sciences"
ALLO,"Pharmaceuticals, Biotechnology & Life Sciences"
ALLY,Diversified Financials
ALNY,"Pharmaceuticals, Biotechnology & Life Sciences"
ALOT,Technology Hardware & Equipment
ALRM,Software & Services
ALRS,Diversified Financials
ALSN,Capital Goods
ALTM,Energy
ALTR,Software & Services
ALX,Real Estate
ALXN,"Pharmaceuticals, Biotechnology & Life Sciences"
AM,Energy
AMAG,"Pharmaceuticals, Biotechnology & Life Sciences"
AMAL,Banks
AMAT,Semiconductors & Semiconductor Equipment
AMBA,Semiconductors & Semiconductor Equipment
AMBC,Insurance
AMC,Media & Entertainment
AMCX,Media & Entertainment
AMD,Semiconductors & Semiconductor Equipment
AME,Capital Goods
AMED,Health Care Equipment & Services
AMEH,Health Care Equipment & Services
AMG,Diversified Financials
AMGN,"Pharmaceuticals, Biotechnology & Life Sciences"
AMH,Real Estate
AMK,Diversified Financials
AMKR,Semiconductors & Semiconductor Equipment
AMN,Health Care Equipment & Services
AMNB,Banks
AMOT,Capital Goods
AMP,Diversified Financials
AMPH,"Pharmaceuticals, Biotechnology & Life Sciences"
AMPY,Energy
AMRC,Capital Goods
AMRS,Materials
AMRX,"Pharmaceuticals, Biotechnology & Life Sciences"
AMSC,Capital Goods
AMSF,Insurance
AMSWA,Software & Services
AMT,Real Estate
AMTB,Banks
AMTD,Diversified Financials
AMWD,Capital Goods
AMZN,Retailing
AN,Retailing
ANAB,"Pharmaceuticals, Biotechnology & Life Sciences"
ANAT,Insurance
ANDE,Food & Staples Retailing
ANET,Technology Hardware & Equipment
ANF,Retailing
ANGO,Health Care Equipment & Services
ANH,Diversified Financials
ANIK,"Pharmaceuticals, Biotechnology & Life Sciences"
ANIP,"Pharmaceuticals, Biotechnology & Life Sciences"
ANSS,Software & Services
ANTM,Health Care Equipment & Services
AOBC,Consumer Durables & Apparel
AON,Insurance
AOS,Capital Goods
AOSL,Semiconductors & Semiconductor Equipment
APA,Energy
APAM,Diversified Financials
APD,Materials
APEI,Consumer Services
APH,Technology Hardware & Equipment
APLE,Real Estate
APLS,"Pharmaceuticals, Biotechnology & Life Sciences"
APLT,"Pharmaceuticals, Biotechnology & Life Sciences"
APOG,Capital Goods
APPF,Software & Services
APPN,Software & Services
APPS,Software & Services
APRE,"Pharmaceuticals, Biotechnology & Life Sciences"
APTS,Real Estate
APTV,Automobiles & Components
APY,Energy
APYX,Health Care Equipment & Services
AQUA,Capital Goods
AR,Energy
ARA,Health Care Equipment & Services
ARAY,Health Care Equipment & Services
ARCB,Transportation
ARCH,Energy
ARD,Materials
ARDX,"Pharmaceuticals, Biotechnology & Life Sciences"
ARE,Real Estate
ARES,Diversified Financials
ARGO,Insurance
ARI,Diversified Financials
ARL,Real Estate
ARLO,Technology Hardware & Equipment
ARMK,Consumer Services
ARNA,"Pharmaceuticals, Biotechnology & Life Sciences"
ARNC,Materials
AROC,Energy
AROW,Banks
ARQT,"Pharmaceuticals, Biotechnology & Life Sciences"
ARR,Diversified Financials
ARTNA,Utilities
ARVN,"Pharmaceuticals, Biotechnology & Life Sciences"
ARW,Technology Hardware & Equipment
ARWR,"Pharmaceuticals, Biotechnology & Life Sciences"
ASB,Banks
ASC,Energy
ASGN,Commercial & Professional Services
ASH,Materials
ASIX,Materials
ASMB,"Pharmaceuticals, Biotechnology & Life Sciences"
ASNA,Retailing
ASPS,Real Estate
ASRT,"Pharmaceuticals, Biotechnology & Life Sciences"
ASTE,Capital Goods
AT,Utilities
ATEC,Health Care Equipment & Services
ATEN,Software & Services
ATEX,Telecommunication Services
ATGE,Consumer Services
ATH,Insurance
ATHX,"Pharmaceuticals, Biotechnology & Life Sciences"
ATI,Materials
ATKR,Capital Goods
ATLO,Banks
ATNI,Telecommunication Services
ATNX,"Pharmaceuticals, Biotechnology & Life Sciences"
ATO,Utilities
ATR,Materials
ATRA,"Pharmaceuticals, Biotechnology & Life Sciences"
ATRC,Health Care Equipment & Services
ATRI,Health Care Equipment & Services
ATRO,Capital Goods
ATRS,Health Care Equipment & Services
ATSG,Transportation
ATUS,Media & Entertainment
ATVI,Media & Entertainment
AUB,Banks
AVA,Utilities
AVAV,Capital Goods
AVB,Real Estate
AVCO,Health Care Equipment & Services
AVD,Materials
AVGO,Semiconductors & Semiconductor Equipment
AVID,Technology Hardware & Equipment
AVLR,Software & Services
AVNS,Health Care Equipment & Services
AVRO,"Pharmaceuticals, Biotechnology & Life Sciences"
AVT,Technology Hardware & Equipment
AVTR,"Pharmaceuticals, Biotechnology & Life Sciences"
AVXL,"Pharmaceuticals, Biotechnology & Life Sciences"
AVY,Materials
AVYA,Software & Services
AWI,Capital Goods
AWK,Utilities
AWR,Utilities
AX,Banks
AXAS,Energy
AXDX,Health Care Equipment & Services
AXE,Technology Hardware & Equipment
AXGN,Health Care Equipment & Services
AXL,Automobiles & Components
AXLA,"Pharmaceuticals, Biotechnology & Life Sciences"
AXNX,Health Care Equipment & Services
AXP,Diversified Financials
AXS,Insurance
AXSM,"Pharmaceuticals, Biotechnology & Life Sciences"
AXTA,Materials
AXTI,Semiconductors & Semiconductor Equipment
AYI,Capital Goods
AYX,Software & Services
AZO,Retailing
AZPN,Software & Services
AZZ,Capital Goods
B,Capital Goods
BA,Capital Goods
BAC,Banks
BAH,Software & Services
BANC,Banks
BAND,Telecommunication Services
BANF,Banks
BANR,Banks
BATRA,Media & Entertainment
BATRK,Media & Entertainment
BAX,Health Care Equipment & Services
BBBY,Retailing
BBCP,Capital Goods
BBIO,"Pharmaceuticals, Biotechnology & Life Sciences"
BBSI,Commercial & Professional Services
BBX,Consumer Services
BBY,Retailing
BC,Consumer Durables & Apparel
BCBP,Banks
BCC,Materials
BCEI,Energy
BCEL,"Pharmaceuticals, Biotechnology & Life Sciences"
BCML,Banks
BCO,Commercial & Professional Services
BCOR,Diversified Financials
BCOV,Software & Services
BCPC,Materials
BCRX,"Pharmaceuticals, Biotechnology & Life Sciences"
BDC,Technology Hardware & Equipment
BDGE,Banks
BDN,Real Estate
BDSI,"Pharmaceuticals, Biotechnology & Life Sciences"
BDTX,"Pharmaceuticals, Biotechnology & Life Sciences"
BDX,Health Care Equipment & Services
BE,Capital Goods
BEAM,"Pharmaceuticals, Biotechnology & Life Sciences"
BEAT,Health Care Equipment & Services
BECN,Capital Goods
BELFB,Technology Hardware & Equipment
BEN,Diversified Financials
BERY,Materials
BF/A,"Food, Beverage & Tobacco"
BF/B,"Food, Beverage & Tobacco"
BFAM,Consumer Services
BFC,Banks
BFIN,Banks
BFS,Real Estate
BFST,Banks
BFYT,Insurance
BG,"Food, Beverage & Tobacco"
BGCP,Diversified Financials
BGG,Capital Goods
BGS,"Food, Beverage & Tobacco"
BGSF,Commercial & Professional Services
BH,Consumer Services
BHB,Banks
BHE,Technology Hardware & Equipment
BHF,Insurance
BHLB,Banks
BHR,Real Estate
BHVN,"Pharmaceuticals, Biotechnology & Life Sciences"
BIG,Retailing
BIIB,"Pharmaceuticals, Biotechnology & Life Sciences"
BILL,Software & Services
BIO,"Pharmaceuticals, Biotechnology & Life Sciences"
BJ,Food & Staples Retailing
BJRI,Consumer Services
BK,Diversified Financials
BKD,Health Care Equipment & Services
BKE,Retailing
BKH,Utilities
BKI,Software & Services
BKNG,Retailing
BKR,Energy
BKU,Banks
BL,Software & Services
BLBD,Capital Goods
BLD,Consumer Durables & Apparel
BLDR,Capital Goods
BLFS,Health Care Equipment & Services
BLK,Diversified Financials
BLKB,Software & Services
BLL,Materials
BLMN,Consumer Services
BLUE,"Pharmaceuticals, Biotechnology & Life Sciences"
BLX,Diversified Financials
BMCH,Capital Goods
BMI,Technology Hardware & Equipment
BMRC,Banks
BMRN,"Pharmaceuticals, Biotechnology & Life Sciences"
BMTC,Banks
BMY,"Pharmaceuticals, Biotechnology & Life Sciences"
BNED,Retailing
BNFT,Software & Services
BOCH,Banks
BOH,Banks
BOKF,Banks
BOMN,Media & Entertainment
BOOM,Energy
BOOT,Retailing
BOX,Software & Services
BPFH,Banks
BPMC,"Pharmaceuticals, Biotechnology & Life Sciences"
BPOP,Banks
BPRN,Banks
BPYU,Real Estate
BR,Software & Services
BRBR,Household & Personal Products
BRC,Commercial & Professional Services
BREW,"Food, Beverage & Tobacco"
BRG,Real Estate
BRID,"Food, Beverage & Tobacco"
BRK/B,Diversified Financials
BRKL,Banks
BRKR,"Pharmaceuticals, Biotechnology & Life Sciences"
BRKS,Semiconductors & Semiconductor Equipment
BRO,Insurance
BRP,Insurance
BRT,Real Estate
BRX,Real Estate
BRY,Energy
BSET,Consumer Durables & Apparel
BSGM,Health Care Equipment & Services
BSIG,Diversified Financials
BSRR,Banks
BSTC,"Pharmaceuticals, Biotechnology & Life Sciences"
BSVN,Banks
BSX,Health Care Equipment & Services
BTAI,"Pharmaceuticals, Biotechnology & Life Sciences"
BTU,Energy
BURL,Retailing
BUSE,Banks
BV,Commercial & Professional Services
BWA,Automobiles & Components
BWB,Banks
BWFG,Banks
BWXT,Capital Goods
BXC,Capital Goods
BXG,Consumer Services
BXMT,Diversified Financials
BXP,Real Estate
BXRX,"Pharmaceuticals, Biotechnology & Life Sciences"
BXS,Banks
BY,Banks
BYD,Consumer Services
BYND,"Food, Beverage & Tobacco"
BYSI,"Pharmaceuticals, Biotechnology & Life Sciences"
BZH,Consumer Durables & Apparel
C,Banks
CABA,"Pharmaceuticals, Biotechnology & Life Sciences"
CABO,Media & Entertainment
CAC,Banks
CACC,Diversified Financials
CACI,Software & Services
CADE,Banks
CAG,"Food, Beverage & Tobacco"
CAH,Health Care Equipment & Services
CAI,Capital Goods
CAKE,Consumer Services
CAL,Retailing
CALA,"Pharmaceuticals, Biotechnology & Life Sciences"
CALM,"Food, Beverage & Tobacco"
CALX,Technology Hardware & Equipment
CAMP,Technology Hardware & Equipment
CAR,Transportation
CARA,"Pharmaceuticals, Biotechnology & Life Sciences"
CARE,Banks
CARG,Media & Entertainment
CARR,Capital Goods
CARS,Media & Entertainment
CASA,Technology Hardware & Equipment
CASH,Banks
CASI,"Pharmaceuticals, Biotechnology & Life Sciences"
CASS,Software & Services
CASY,Food & Staples Retailing
CAT,Capital Goods
CATC,Banks
CATM,Software & Services
CATO,Retailing
CATS,Health Care Equipment & Services
CATY,Banks
CB,Insurance
CBAN,Banks
CBAY,"Pharmaceuticals, Biotechnology & Life Sciences"
CBB,Telecommunication Services
CBL,Real Estate
CBMG,"Pharmaceuticals, Biotechnology & Life Sciences"
CBNK,Banks
CBOE,Diversified Financials
CBRE,Real Estate
CBRL,Consumer Services
CBSH,Banks
CBT,Materials
CBTX,Banks
CBU,Banks
CBZ,Commercial & Professional Services
CC,Materials
CCB,Banks
CCBG,Banks
CCF,Materials
CCI,Real Estate
CCK,Materials
CCL,Consumer Services
CCMP,Semiconductors & Semiconductor Equipment
CCNE,Banks
CCO,Media & Entertainment
CCOI,Telecommunication Services
CCRN,Health Care Equipment & Services
CCS,Consumer Durables & Apparel
CCXI,"Pharmaceuticals, Biotechnology & Life Sciences"
CDAY,Software & Services
CDE,Materials
CDEV,Energy
CDK,Software & Services
CDLX,Media & Entertainment
CDMO,"Pharmaceuticals, Biotechnology & Life Sciences"
CDNA,"Pharmaceuticals, Biotechnology & Life Sciences"
CDNS,Software & Services
CDR,Real Estate
CDW,Technology Hardware & Equipment
CDXC,"Pharmaceuticals, Biotechnology & Life Sciences"
CDXS,"Pharmaceuticals, Biotechnology & Life Sciences"
CDZI,Utilities
CE,Materials
CECE,Commercial & Professional Services
CEIX,Energy
CELC,"Pharmaceuticals, Biotechnology & Life Sciences"
CELH,"Food, Beverage & Tobacco"
CENT,Household & Personal Products
CENTA,Household & Personal Products
CENX,Materials
CERC,"Pharmaceuticals, Biotechnology & Life Sciences"
CERN,Health Care Equipment & Services
CERS,Health Care Equipment & Services
CETV,Media & Entertainment
CEVA,Semiconductors & Semiconductor Equipment
CF,Materials
CFB,Banks
CFFI,Banks
CFFN,Banks
CFG,Banks
CFMS,Health Care Equipment & Services
CFR,Banks
CFX,Capital Goods
CGNX,Technology Hardware & Equipment
CHAP,Energy
CHCO,Banks
CHCT,Real Estate
CHD,Household & Personal Products
CHDN,Consumer Services
CHE,Health Care Equipment & Services
CHEF,Food & Staples Retailing
CHGG,Consumer Services
CHH,Consumer Services
CHK,Energy
CHMA,"Pharmaceuticals, Biotechnology & Life Sciences"
CHMG,Banks
CHMI,Diversified Financials
CHNG,Health Care Equipment & Services
CHRA,Commercial & Professional Services
CHRS,"Pharmaceuticals, Biotechnology & Life Sciences"
CHRW,Transportation
CHS,Retailing
CHTR,Media & Entertainment
CHUY,Consumer Services
CI,Health Care Equipment & Services
CIA,Insurance
CIEN,Technology Hardware & Equipment
CIM,Diversified Financials
CINF,Insurance
CIO,Real Estate
CIR,Capital Goods
CIT,Banks
CIVB,Banks
CIX,Commercial & Professional Services
CKH,Energy
CKPT,"Pharmaceuticals, Biotechnology & Life Sciences"
CL,Household & Personal Products
CLAR,Consumer Durables & Apparel
CLBK,Banks
CLCT,Consumer Services
CLDR,Software & Services
CLDT,Real Estate
CLF,Materials
CLFD,Technology Hardware & Equipment
CLGX,Commercial & Professional Services
CLH,Commercial & Professional Services
CLI,Real Estate
CLNC,Diversified Financials
CLNE,Energy
CLNY,Real Estate
CLPR,Real Estate
CLR,Energy
CLVS,"Pharmaceuticals, Biotechnology & Life Sciences"
CLW,Materials
CLX,Household & Personal Products
CLXT,"Pharmaceuticals, Biotechnology & Life Sciences"
CMA,Banks
CMBM,Technology Hardware & Equipment
CMC,Materials
CMCO,Capital Goods
CMCSA,Media & Entertainment
CMCT,Real Estate
CMD,Health Care Equipment & Services
CME,Diversified Financials
CMG,Consumer Services
CMI,Capital Goods
CMLS,Media & Entertainment
CMO,Diversified Financials
CMP,Materials
CMPR,Commercial & Professional Services
CMRE,Transportation
CMRX,"Pharmaceuticals, Biotechnology & Life Sciences"
CMS,Utilities
CMTL,Technology Hardware & Equipment
CNA,Insurance
CNBKA,Banks
CNC,Health Care Equipment & Services
CNCE,"Pharmaceuticals, Biotechnology & Life Sciences"
CNDT,Software & Services
CNK,Media & Entertainment
CNMD,Health Care Equipment & Services
CNNE,Diversified Financials
CNO,Insurance
CNOB,Banks
CNP,Utilities
CNR,Capital Goods
CNS,Diversified Financials
CNSL,Telecommunication Services
CNST,"Pharmaceuticals, Biotechnology & Life Sciences"
CNTG,"Pharmaceuticals, Biotechnology & Life Sciences"
CNTY,Consumer Services
CNX,Energy
CNXN,Technology Hardware & Equipment
CODA,Technology Hardware & Equipment
COF,Diversified Financials
COG,Energy
COHR,Technology Hardware & Equipment
COHU,Semiconductors & Semiconductor Equipment
COKE,"Food, Beverage & Tobacco"
COLB,Banks
COLD,Real Estate
COLL,"Pharmaceuticals, Biotechnology & Life Sciences"
COLM,Consumer Durables & Apparel
COMM,Technology Hardware & Equipment
CONE,Real Estate
CONN,Retailing
COO,Health Care Equipment & Services
COOP,Banks
COP,Energy
COR,Real Estate
CORE,Retailing
CORR,Real Estate
CORT,"Pharmaceuticals, Biotechnology & Life Sciences"
COST,Food & Staples Retailing
COTY,Household & Personal Products
COUP,Software & Services
COWN,Diversified Financials
CPA,Transportation
CPB,"Food, Beverage & Tobacco"
CPE,Energy
CPF,Banks
CPK,Utilities
CPLG,Real Estate
CPRI,Consumer Durables & Apparel
CPRT,Commercial & Professional Services
CPRX,"Pharmaceuticals, Biotechnology & Life Sciences"
CPS,Automobiles & Components
CPSI,Health Care Equipment & Services
CPT,Real Estate
CR,Capital Goods
CRAI,Commercial & Professional Services
CRBP,"Pharmaceuticals, Biotechnology & Life Sciences"
CRC,Energy
CRD/A,Insurance
CREE,Semiconductors & Semiconductor Equipment
CRI,Consumer Durables & Apparel
CRK,Energy
CRL,"Pharmaceuticals, Biotechnology & Life Sciences"
CRM,Software & Services
CRMD,"Pharmaceuticals, Biotechnology & Life Sciences"
CRMT,Retailing
CRNC,Software & Services
CRNX,"Pharmaceuticals, Biotechnology & Life Sciences"
CROX,Consumer Durables & Apparel
CRS,Materials
CRTX,"Pharmaceuticals, Biotechnology & Life Sciences"
CRUS,Semiconductors & Semiconductor Equipment
CRVL,Health Care Equipment & Services
CRY,Health Care Equipment & Services
CSCO,Technology Hardware & Equipment
CSFL,Banks
CSGP,Commercial & Professional Services
CSGS,Software & Services
CSII,Health Care Equipment & Services
CSL,Capital Goods
CSLT,Health Care Equipment & Services
CSOD,Software & Services
CSPR,Consumer Durables & Apparel
CSTE,Capital Goods
CSTL,"Pharmaceuticals, Biotechnology & Life Sciences"
CSTR,Banks
CSV,Consumer Services
CSWI,Capital Goods
CSX,Transportation
CTAS,Commercial & Professional Services
CTB,Automobiles & Components
CTBI,Banks
CTL,Telecommunication Services
CTLT,"Pharmaceuticals, Biotechnology & Life Sciences"
CTMX,"Pharmaceuticals, Biotechnology & Life Sciences"
CTO,Real Estate
CTRA,Materials
CTRC,Consumer Durables & Apparel
CTRE,Real Estate
CTRN,Retailing
CTS,Technology Hardware & Equipment
CTSH,Software & Services
CTSO,Health Care Equipment & Services
CTT,Real Estate
CTVA,Materials
CTXS,Software & Services
CUB,Capital Goods
CUBE,Real Estate
CUBI,Banks
CUE,"Pharmaceuticals, Biotechnology & Life Sciences"
CULP,Consumer Durables & Apparel
CURO,Diversified Financials
CUTR,Health Care Equipment & Services
CUZ,Real Estate
CVA,Commercial & Professional Services
CVBF,Banks
CVCO,Consumer Durables & Apparel
CVCY,Banks
CVET,Health Care Equipment & Services
CVGI,Capital Goods
CVGW,"Food, Beverage & Tobacco"
CVI,Energy
CVIA,Energy
CVLT,Software & Services
CVLY,Banks
CVM,"Pharmaceuticals, Biotechnology & Life Sciences"
CVNA,Retailing
CVS,Health Care Equipment & Services
CVTI,Transportation
CVX,Energy
CW,Capital Goods
CWCO,Utilities
CWEN,Utilities
CWEN/A,Utilities
CWH,Retailing
CWK,Real Estate
CWST,Commercial & Professional Services
CWT,Utilities
CXO,Energy
CXP,Real Estate
CXW,Real Estate
CYCN,"Pharmaceuticals, Biotechnology & Life Sciences"
CYH,Health Care Equipment & Services
CYRX,Health Care Equipment & Services
CYTK,"Pharmaceuticals, Biotechnology & Life Sciences"
CZNC,Banks
CZR,Consumer Services
D,Utilities
DAKT,Technology Hardware & Equipment
DAL,Transportation
DAN,Automobiles & Components
DAR,"Food, Beverage & Tobacco"
DBD,Technology Hardware & Equipment
DBI,Retailing
DBX,Software & Services
DCI,Capital Goods
DCO,Capital Goods
DCOM,Banks
DCPH,"Pharmaceuticals, Biotechnology & Life Sciences"
DD,Materials
DDD,Technology Hardware & Equipment
DDS,Retailing
DE,Capital Goods
DEA,Real Estate
DECK,Consumer Durables & Apparel
DEI,Real Estate
DELL,Technology Hardware & Equipment
DENN,Consumer Services
DFIN,Diversified Financials
DFS,Diversified Financials
DG,Retailing
DGICA,Insurance
DGII,Technology Hardware & Equipment
DGX,Health Care Equipment & Services
DHC,Real Estate
DHI,Consumer Durables & Apparel
DHIL,Diversified Financials
DHR,Health Care Equipment & Services
DHT,Energy
DHX,Media & Entertainment
DIN,Consumer Services
DIOD,Semiconductors & Semiconductor Equipment
DIS,Media & Entertainment
DISCA,Media & Entertainment
DISCK,Media & Entertainment
DISH,Media & Entertainment
DJCO,Media & Entertainment
DK,Energy
DKS,Retailing
DLA,Consumer Durables & Apparel
DLB,Technology Hardware & Equipment
DLR,Real Estate
DLTH,Retailing
DLTR,Retailing
DLX,Commercial & Professional Services
DMRC,Software & Services
DNKN,Consumer Services
DNLI,"Pharmaceuticals, Biotechnology & Life Sciences"
DNOW,Capital Goods
DNR,Energy
DOC,Real Estate
DOCU,Software & Services
DOMO,Software & Services
DOOR,Capital Goods
DORM,Automobiles & Components
DOV,Capital Goods
DOW,Materials
DOX,Software & Services
DPZ,Consumer Services
DRE,Real Estate
DRH,Real Estate
DRI,Consumer Services
DRNA,"Pharmaceuticals, Biotechnology & Life Sciences"
DRQ,Energy
DS,Consumer Services
DSKE,Transportation
DSPG,Semiconductors & Semiconductor Equipment
DSSI,Energy
DT,Software & Services
DTE,Utilities
DTIL,"Pharmaceuticals, Biotechnology & Life Sciences"
DUK,Utilities
DVA,Health Care Equipment & Services
DVAX,"Pharmaceuticals, Biotechnology & Life Sciences"
DVN,Energy
DX,Diversified Financials
DXC,Software & Services
DXCM,Health Care Equipment & Services
DXPE,Capital Goods
DY,Capital Goods
DZSI,Technology Hardware & Equipment
EA,Media & Entertainment
EAF,Capital Goods
EAT,Consumer Services
EB,Media & Entertainment
EBAY,Retailing
EBF,Commercial & Professional Services
EBIX,Software & Services
EBS,"Pharmaceuticals, Biotechnology & Life Sciences"
EBSB,Banks
EBTC,Banks
ECHO,Transportation
ECL,Materials
ECOL,Commercial & Professional Services
ECOM,Software & Services
ECOR,Health Care Equipment & Services
ECPG,Diversified Financials
ED,Utilities
EDIT,"Pharmaceuticals, Biotechnology & Life Sciences"
EE,Utilities
EEFT,Software & Services
EEX,Media & Entertainment
EFC,Diversified Financials
EFSC,Banks
EFX,Commercial & Professional Services
EGAN,Software & Services
EGBN,Banks
EGHT,Software & Services
EGLE,Transportation
EGOV,Software & Services
EGP,Real Estate
EGRX,"Pharmaceuticals, Biotechnology & Life Sciences"
EHC,Health Care Equipment & Services
EHTH,Insurance
EIDX,"Pharmaceuticals, Biotechnology & Life Sciences"
EIG,Insurance
EIGI,Software & Services
EIGR,"Pharmaceuticals, Biotechnology & Life Sciences"
EIX,Utilities
EL,Household & Personal Products
ELAN,"Pharmaceuticals, Biotechnology & Life Sciences"
ELF,Household & Personal Products
ELOX,"Pharmaceuticals, Biotechnology & Life Sciences"
ELS,Real Estate
ELVT,Diversified Financials
ELY,Consumer Durables & Apparel
EME,Capital Goods
EML,Capital Goods
EMN,Materials
EMR,Capital Goods
ENDP,"Pharmaceuticals, Biotechnology & Life Sciences"
ENOB,"Pharmaceuticals, Biotechnology & Life Sciences"
ENPH,Semiconductors & Semiconductor Equipment
ENR,Household & Personal Products
ENS,Capital Goods
ENSG,Health Care Equipment & Services
ENTA,"Pharmaceuticals, Biotechnology & Life Sciences"
ENTG,Semiconductors & Semiconductor Equipment
ENV,Software & Services
ENVA,Diversified Financials
ENZ,Health Care Equipment & Services
EOG,Energy
EOLS,"Pharmaceuticals, Biotechnology & Life Sciences"
EPAC,Capital Goods
EPAM,Software & Services
EPAY,Software & Services
EPC,Household & Personal Products
EPM,Energy
EPR,Real Estate
EPRT,Real Estate
EPZM,"Pharmaceuticals, Biotechnology & Life Sciences"
EQBK,Banks
EQC,Real Estate
EQH,Diversified Financials
EQIX,Real Estate
EQR,Real Estate
EQT,Energy
ERA,Energy
ERI,Consumer Services
ERIE,Insurance
ERII,Capital Goods
EROS,Media & Entertainment
ES,Utilities
ESCA,Consumer Durables & Apparel
ESE,Capital Goods
ESGR,Insurance
ESI,Materials
ESNT,Banks
ESPR,"Pharmaceuticals, Biotechnology & Life Sciences"
ESQ,Banks
ESRT,Real Estate
ESS,Real Estate
ESSA,Banks
ESTC,Software & Services
ESTE,Energy
ESXB,Banks
ETFC,Diversified Financials
ETH,Consumer Durables & Apparel
ETM,Media & Entertainment
ETN,Capital Goods
ETNB,"Pharmaceuticals, Biotechnology & Life Sciences"
ETR,Utilities
ETRN,Energy
ETSY,Retailing
EV,Diversified Financials
EVBG,Software & Services
EVBN,Banks
EVC,Media & Entertainment
EVER,Media & Entertainment
EVFM,"Pharmaceuticals, Biotechnology & Life Sciences"
EVH,Health Care Equipment & Services
EVI,Capital Goods
EVLO,"Pharmaceuticals, Biotechnology & Life Sciences"
EVOP,Software & Services
EVR,Diversified Financials
EVRG,Utilities
EVRI,Consumer Services
EVTC,Software & Services
EW,Health Care Equipment & Services
EWBC,Banks
EXAS,"Pharmaceuticals, Biotechnology & Life Sciences"
EXC,Utilities
EXEL,"Pharmaceuticals, Biotechnology & Life Sciences"
EXLS,Software & Services
EXP,Materials
EXPD,Transportation
EXPE,Retailing
EXPI,Real Estate
EXPO,Commercial & Professional Services
EXPR,Retailing
EXR,Real Estate
EXTN,Energy
EXTR,Technology Hardware & Equipment
EYE,Retailing
EYPT,"Pharmaceuticals, Biotechnology & Life Sciences"
EZPW,Diversified Financials
F,Automobiles & Components
FAF,Insurance
FANG,Energy
FARM,"Food, Beverage & Tobacco"
FARO,Technology Hardware & Equipment
FAST,Capital Goods
FATE,"Pharmaceuticals, Biotechnology & Life Sciences"
FB,Media & Entertainment
FBC,Banks
FBHS,Capital Goods
FBIZ,Banks
FBK,Banks
FBM,Capital Goods
FBMS,Banks
FBNC,Banks
FBP,Banks
FC,Commercial & Professional Services
FCAP,Banks
FCBC,Banks
FCBP,Banks
FCCY,Banks
FCF,Banks
FCFS,Diversified Financials
FCN,Commercial & Professional Services
FCNCA,Banks
FCPT,Real Estate
FCX,Materials
FDBC,Banks
FDEF,Banks
FDP,"Food, Beverage & Tobacco"
FDS,Diversified Financials
FDX,Transportation
FE,Utilities
FELE,Capital Goods
FET,Energy
FEYE,Software & Services
FF,Materials
FFBC,Banks
FFG,Insurance
FFIC,Banks
FFIN,Banks
FFIV,Technology Hardware & Equipment
FFNW,Banks
FFWM,Banks
FG,Diversified Financials
FGBI,Banks
FGEN,"Pharmaceuticals, Biotechnology & Life Sciences"
FHB,Banks
FHI,Diversified Financials
FHN,Banks
FI,Energy
FIBK,Banks
FICO,Software & Services
FIS,Software & Services
FISI,Banks
FISV,Software & Services
FIT,Technology Hardware & Equipment
FITB,Banks
FIVE,Retailing
FIVN,Software & Services
FIX,Capital Goods
FIXX,"Pharmaceuticals, Biotechnology & Life Sciences"
FIZZ,"Food, Beverage & Tobacco"
FL,Retailing
FLDM,"Pharmaceuticals, Biotechnology & Life Sciences"
FLIC,Banks
FLIR,Technology Hardware & Equipment
FLMN,Energy
FLNT,Media & Entertainment
FLO,"Food, Beverage & Tobacco"
FLOW,Capital Goods
FLR,Capital Goods
FLS,Capital Goods
FLT,Software & Services
FLWS,Retailing
FLXN,"Pharmaceuticals, Biotechnology & Life Sciences"
FLXS,Consumer Durables & Apparel
FMAO,Banks
FMBH,Banks
FMBI,Banks
FMC,Materials
FMNB,Banks
FN,Technology Hardware & Equipment
FNB,Banks
FNCB,Banks
FND,Retailing
FNF,Insurance
FNHC,Insurance
FNKO,Retailing
FNLC,Banks
FNWB,Banks
FOCS,Diversified Financials
FOE,Materials
FOLD,"Pharmaceuticals, Biotechnology & Life Sciences"
FOR,Real Estate
FORM,Semiconductors & Semiconductor Equipment
FORR,Commercial & Professional Services
FOSL,Consumer Durables & Apparel
FOX,Media & Entertainment
FOXA,Media & Entertainment
FOXF,Automobiles & Components
FPI,Real Estate
FPRX,"Pharmaceuticals, Biotechnology & Life Sciences"
FR,Real Estate
FRAF,Banks
FRBA,Banks
FRBK,Banks
FRC,Banks
FREQ,"Pharmaceuticals, Biotechnology & Life Sciences"
FRGI,Consumer Services
FRME,Banks
FRPH,Real Estate
FRPT,"Food, Beverage & Tobacco"
FRT,Real Estate
FRTA,Materials
FSB,Banks
FSBW,Banks
FSCT,Software & Services
FSLR,Semiconductors & Semiconductor Equipment
FSP,Real Estate
FSS,Capital Goods
FSTR,Capital Goods
FTDR,Consumer Services
FTK,Materials
FTNT,Software & Services
FTSI,Energy
FTV,Capital Goods
FUL,Materials
FULC,"Pharmaceuticals, Biotechnology & Life Sciences"
FULT,Banks
FVCB,Banks
FWONA,Media & Entertainment
FWONK,Media & Entertainment
FWRD,Transportation
G,Software & Services
GABC,Banks
GAIA,Media & Entertainment
GALT,"Pharmaceuticals, Biotechnology & Life Sciences"
GATX,Capital Goods
GBCI,Banks
GBL,Diversified Financials
GBLI,Insurance
GBT,"Pharmaceuticals, Biotechnology & Life Sciences"
GBX,Capital Goods
GCAP,Diversified Financials
GCBC,Banks
GCI,Media & Entertainment
GCO,Retailing
GCP,Materials
GD,Capital Goods
GDDY,Software & Services
GDEN,Consumer Services
GDOT,Diversified Financials
GDP,Energy
GE,Capital Goods
GEF,Materials
GEF/B,Materials
GEN,Health Care Equipment & Services
GENC,Capital Goods
GEO,Real Estate
GEOS,Energy
GERN,"Pharmaceuticals, Biotechnology & Life Sciences"
GES,Retailing
GFF,Capital Goods
GFN,Capital Goods
GGG,Capital Goods
GH,Health Care Equipment & Services
GHC,Consumer Services
GHL,Diversified Financials
GHM,Capital Goods
GIII,Consumer Durables & Apparel
GILD,"Pharmaceuticals, Biotechnology & Life Sciences"
GIS,"Food, Beverage & Tobacco"
GKOS,Health Care Equipment & Services
GL,Insurance
GLDD,Capital Goods
GLIBA,Telecommunication Services
GLNG,Energy
GLOG,Energy
GLPI,Real Estate
GLRE,Insurance
GLT,Materials
GLUU,Media & Entertainment
GLW,Technology Hardware & Equipment
GLYC,"Pharmaceuticals, Biotechnology & Life Sciences"
GM,Automobiles & Components
GME,Retailing
GMED,Health Care Equipment & Services
GMRE,Real Estate
GMS,Capital Goods
GNC,Retailing
GNE,Utilities
GNK,Transportation
GNL,Real Estate
GNLN,Retailing
GNMK,Health Care Equipment & Services
GNRC,Capital Goods
GNTX,Automobiles & Components
GNTY,Banks
GNW,Insurance
GO,Food & Staples Retailing
GOGO,Telecommunication Services
GOLF,Consumer Durables & Apparel
GOOD,Real Estate
GOOG,Media & Entertainment
GOOGL,Media & Entertainment
GORO,Materials
GOSS,"Pharmaceuticals, Biotechnology & Life Sciences"
GPC,Retailing
GPI,Retailing
GPK,Materials
GPMT,Diversified Financials
GPN,Software & Services
GPOR,Energy
GPRE,Energy
GPRO,Consumer Durables & Apparel
GPS,Retailing
GPX,Commercial & Professional Services
GRA,Materials
GRBK,Consumer Durables & Apparel
GRC,Capital Goods
GRIF,Real Estate
GRMN,Consumer Durables & Apparel
GRPN,Retailing
GRTS,"Pharmaceuticals, Biotechnology & Life Sciences"
GRTX,"Pharmaceuticals, Biotechnology & Life Sciences"
GRUB,Retailing
GS,Diversified Financials
GSBC,Banks
GSHD,Insurance
GSIT,Semiconductors & Semiconductor Equipment
GT,Automobiles & Components
GTES,Capital Goods
GTHX,"Pharmaceuticals, Biotechnology & Life Sciences"
GTLS,Capital Goods
GTN,Media & Entertainment
GTS,Health Care Equipment & Services
GTT,Software & Services
GTY,Real Estate
GTYH,Software & Services
GVA,Capital Goods
GWB,Banks
GWGH,Diversified Financials
GWRE,Software & Services
GWRS,Utilities
GWW,Capital Goods
H,Consumer Services
HA,Transportation
HAE,Health Care Equipment & Services
HAFC,Banks
HAIN,"Food, Beverage & Tobacco"
HAL,Energy
HALL,Insurance
HALO,"Pharmaceuticals, Biotechnology & Life Sciences"
HARP,"Pharmaceuticals, Biotechnology & Life Sciences"
HAS,Consumer Durables & Apparel
HASI,Real Estate
HAYN,Materials
HBAN,Banks
HBB,Consumer Durables & Apparel
HBCP,Banks
HBI,Consumer Durables & Apparel
HBMD,Banks
HBNC,Banks
HBT,Banks
HCA,Health Care Equipment & Services
HCAT,Health Care Equipment & Services
HCC,Materials
HCCI,Commercial & Professional Services
HCI,Insurance
HCKT,Software & Services
HCSG,Commercial & Professional Services
HD,Retailing
HDS,Capital Goods
HE,Utilities
HEES,Capital Goods
HEI,Capital Goods
HEI/A,Capital Goods
HELE,Consumer Durables & Apparel
HES,Energy
HFC,Energy
HFFG,Food & Staples Retailing
HFWA,Banks
HGV,Consumer Services
HHC,Real Estate
HI,Capital Goods
HIBB,Retailing
HIFS,Banks
HIG,Insurance
HII,Capital Goods
HIW,Real Estate
HL,Materials
HLF,Household & Personal Products
HLI,Diversified Financials
HLIO,Capital Goods
HLIT,Technology Hardware & Equipment
HLNE,Diversified Financials
HLT,Consumer Services
HLX,Energy
HMHC,Consumer Services
HMN,Insurance
HMST,Banks
HMSY,Health Care Equipment & Services
HMTV,Media & Entertainment
HNGR,Health Care Equipment & Services
HNI,Commercial & Professional Services
HNRG,Energy
HOFT,Consumer Durables & Apparel
HOG,Automobiles & Components
HOLX,Health Care Equipment & Services
HOMB,Banks
HOME,Retailing
HON,Capital Goods
HONE,Banks
HOOK,"Pharmaceuticals, Biotechnology & Life Sciences"
HOPE,Banks
HP,Energy
HPE,Technology Hardware & Equipment
HPP,Real Estate
HPQ,Technology Hardware & Equipment
HPR,Energy
HQY,Health Care Equipment & Services
HR,Real Estate
HRB,Consumer Services
HRC,Health Care Equipment & Services
HRI,Capital Goods
HRL,"Food, Beverage & Tobacco"
HRTG,Insurance
HRTX,"Pharmaceuticals, Biotechnology & Life Sciences"
HSC,Commercial & Professional Services
HSIC,Health Care Equipment & Services
HSII,Commercial & Professional Services
HSKA,Health Care Equipment & Services
HST,Real Estate
HSTM,Health Care Equipment & Services
HSY,"Food, Beverage & Tobacco"
HT,Real Estate
HTA,Real Estate
HTBI,Banks
HTBK,Banks
HTH,Banks
HTLD,Transportation
HTLF,Banks
HTZ,Transportation
HUBB,Capital Goods
HUBG,Transportation
HUBS,Software & Services
HUD,Retailing
HUM,Health Care Equipment & Services
HUN,Materials
HURC,Capital Goods
HURN,Commercial & Professional Services
HVT,Retailing
HWBK,Banks
HWC,Banks
HWKN,Materials
HWM,Capital Goods
HXL,Capital Goods
HY,Capital Goods
HZNP,"Pharmaceuticals, Biotechnology & Life Sciences"
HZO,Retailing
IAA,Commercial & Professional Services
IAC,Media & Entertainment
IART,Health Care Equipment & Services
IBCP,Banks
IBKC,Banks
IBKR,Diversified Financials
IBM,Software & Services
IBOC,Banks
IBP,Consumer Durables & Apparel
IBTX,Banks
ICD,Energy
ICE,Diversified Financials
ICFI,Commercial & Professional Services
ICHR,Semiconductors & Semiconductor Equipment
ICPT,"Pharmaceuticals, Biotechnology & Life Sciences"
ICUI,Health Care Equipment & Services
IDA,Utilities
IDCC,Technology Hardware & Equipment
IDEX,Software & Services
IDT,Telecommunication Services
IDXX,Health Care Equipment & Services
IESC,Capital Goods
IEX,Capital Goods
IFF,Materials
IGMS,"Pharmaceuticals, Biotechnology & Life Sciences"
IGT,Consumer Services
IHC,Insurance
III,Software & Services
IIIN,Capital Goods
IIIV,Software & Services
IIN,Health Care Equipment & Services
IIPR,Real Estate
IIVI,Technology Hardware & Equipment
ILMN,"Pharmaceuticals, Biotechnology & Life Sciences"
ILPT,Real Estate
IMAX,Media & Entertainment
IMGN,"Pharmaceuticals, Biotechnology & Life Sciences"
IMKTA,Food & Staples Retailing
IMMR,Technology Hardware & Equipment
IMMU,"Pharmaceuticals, Biotechnology & Life Sciences"
IMXI,Software & Services
INBK,Banks
INCY,"Pharmaceuticals, Biotechnology & Life Sciences"
INDB,Banks
INFN,Technology Hardware & Equipment
INFO,Commercial & Professional Services
INGN,Health Care Equipment & Services
INGR,"Food, Beverage & Tobacco"
INN,Real Estate
INO,"Pharmaceuticals, Biotechnology & Life Sciences"
INOV,Health Care Equipment & Services
INS,Software & Services
INSE,Consumer Services
INSG,Technology Hardware & Equipment
INSM,"Pharmaceuticals, Biotechnology & Life Sciences"
INSP,Health Care Equipment & Services
INSW,Energy
INT,Energy
INTC,Semiconductors & Semiconductor Equipment
INTL,Diversified Financials
INTU,Software & Services
INVA,"Pharmaceuticals, Biotechnology & Life Sciences"
INVH,Real Estate
INWK,Commercial & Professional Services
IONS,"Pharmaceuticals, Biotechnology & Life Sciences"
IOSP,Materials
IOTS,Semiconductors & Semiconductor Equipment
IOVA,"Pharmaceuticals, Biotechnology & Life Sciences"
IP,Materials
IPAR,Household & Personal Products
IPG,Media & Entertainment
IPGP,Technology Hardware & Equipment
IPHI,Semiconductors & Semiconductor Equipment
IPI,Materials
IQV,"Pharmaceuticals, Biotechnology & Life Sciences"
IR,Capital Goods
IRBT,Consumer Durables & Apparel
IRDM,Telecommunication Services
IRET,Real Estate
IRM,Real Estate
IRMD,Health Care Equipment & Services
IRT,Real Estate
IRTC,Health Care Equipment & Services
IRWD,"Pharmaceuticals, Biotechnology & Life Sciences"
ISBC,Banks
ISRG,Health Care Equipment & Services
ISTR,Banks
IT,Software & Services
ITCI,"Pharmaceuticals, Biotechnology & Life Sciences"
ITGR,Health Care Equipment & Services
ITI,Technology Hardware & Equipment
ITIC,Insurance
ITRI,Technology Hardware & Equipment
ITT,Capital Goods
ITW,Capital Goods
IVC,Health Care Equipment & Services
IVR,Diversified Financials
IVZ,Diversified Financials
J,Capital Goods
JACK,Consumer Services
JAX,Consumer Services
JAZZ,"Pharmaceuticals, Biotechnology & Life Sciences"
JBGS,Real Estate
JBHT,Transportation
JBL,Technology Hardware & Equipment
JBLU,Transportation
JBSS,"Food, Beverage & Tobacco"
JBT,Capital Goods
JCAP,Real Estate
JCI,Capital Goods
JCOM,Software & Services
JEF,Diversified Financials
JELD,Capital Goods
JHG,Diversified Financials
JILL,Retailing
JJSF,"Food, Beverage & Tobacco"
JKHY,Software & Services
JLL,Real Estate
JNCE,"Pharmaceuticals, Biotechnology & Life Sciences"
JNJ,"Pharmaceuticals, Biotechnology & Life Sciences"
JNPR,Technology Hardware & Equipment
JOE,Real Estate
JOUT,Consumer Durables & Apparel
JPM,Banks
JRVR,Insurance
JW/A,Media & Entertainment
JWN,Retailing
JYNT,Health Care Equipment & Services
K,"Food, Beverage & Tobacco"
KAI,Capital Goods
KALA,"Pharmaceuticals, Biotechnology & Life Sciences"
KALU,Materials
KALV,"Pharmaceuticals, Biotechnology & Life Sciences"
KAMN,Capital Goods
KAR,Commercial & Professional Services
KBAL,Commercial & Professional Services
KBH,Consumer Durables & Apparel
KBR,Software & Services
KDMN,"Pharmaceuticals, Biotechnology & Life Sciences"
KDP,"Food, Beverage & Tobacco"
KE,Technology Hardware & Equipment
KELYA,Commercial & Professional Services
KEM,Technology Hardware & Equipment
KEX,Transportation
KEY,Banks
KEYS,Technology Hardware & Equipment
KFRC,Commercial & Professional Services
KFY,Commercial & Professional Services
KHC,"Food, Beverage & Tobacco"
KIDS,Health Care Equipment & Services
KIM,Real Estate
KIN,"Pharmaceuticals, Biotechnology & Life Sciences"
KLAC,Semiconductors & Semiconductor Equipment
KLDO,"Pharmaceuticals, Biotechnology & Life Sciences"
KLXE,Energy
KMB,Household & Personal Products
KMI,Energy
KMPR,Insurance
KMT,Capital Goods
KMX,Retailing
KN,Technology Hardware & Equipment
KNL,Commercial & Professional Services
KNSA,"Pharmaceuticals, Biotechnology & Life Sciences"
KNSL,Insurance
KNX,Transportation
KO,"Food, Beverage & Tobacco"
KOD,"Pharmaceuticals, Biotechnology & Life Sciences"
KOP,Materials
KOS,Energy
KPTI,"Pharmaceuticals, Biotechnology & Life Sciences"
KR,Food & Staples Retailing
KRA,Materials
KRC,Real Estate
KREF,Diversified Financials
KRG,Real Estate
KRNY,Banks
KRO,Materials
KRTX,"Pharmaceuticals, Biotechnology & Life Sciences"
KRUS,Consumer Services
KRYS,"Pharmaceuticals, Biotechnology & Life Sciences"
KSS,Retailing
KSU,Transportation
KTB,Consumer Durables & Apparel
KTOS,Capital Goods
KURA,"Pharmaceuticals, Biotechnology & Life Sciences"
KVHI,Technology Hardware & Equipment
KW,Real Estate
KWR,Materials
KZR,"Pharmaceuticals, Biotechnology & Life Sciences"
L,Insurance
LAD,Retailing
LADR,Diversified Financials
LAMR,Real Estate
LANC,"Food, Beverage & Tobacco"
LAND,Real Estate
LASR,Technology Hardware & Equipment
LAUR,Consumer Services
LAWS,Capital Goods
LAZ,Diversified Financials
LB,Retailing
LBAI,Banks
LBC,Banks
LBRDA,Media & Entertainment
LBRDK,Media & Entertainment
LBRT,Energy
LC,Diversified Financials
LCI,"Pharmaceuticals, Biotechnology & Life Sciences"
LCII,Automobiles & Components
LCNB,Banks
LCTX,"Pharmaceuticals, Biotechnology & Life Sciences"
LCUT,Consumer Durables & Apparel
LDL,Capital Goods
LDOS,Software & Services
LE,Retailing
LEA,Automobiles & Components
LEAF,Retailing
LECO,Capital Goods
LEE,Media & Entertainment
LEG,Consumer Durables & Apparel
LEGH,Consumer Durables & Apparel
LEN,Consumer Durables & Apparel
LEN/B,Consumer Durables & Apparel
LEVL,Banks
LFUS,Technology Hardware & Equipment
LFVN,Household & Personal Products
LGF/A,Media & Entertainment
LGF/B,Media & Entertainment
LGIH,Consumer Durables & Apparel
LGND,"Pharmaceuticals, Biotechnology & Life Sciences"
LH,Health Care Equipment & Services
LHCG,Health Care Equipment & Services
LHX,Capital Goods
LII,Capital Goods
LILA,Media & Entertainment
LILAK,Media & Entertainment
LIN,Materials
LIND,Consumer Services
LITE,Technology Hardware & Equipment
LIVN,Health Care Equipment & Services
LIVX,Media & Entertainment
LJPC,"Pharmaceuticals, Biotechnology & Life Sciences"
LKFN,Banks
LKQ,Retailing
LL,Retailing
LLNW,Software & Services
LLY,"Pharmaceuticals, Biotechnology & Life Sciences"
LM,Diversified Financials
LMAT,Health Care Equipment & Services
LMNR,"Food, Beverage & Tobacco"
LMNX,"Pharmaceuticals, Biotechnology & Life Sciences"
LMT,Capital Goods
LNC,Insurance
LNDC,"Food, Beverage & Tobacco"
LNG,Energy
LNN,Capital Goods
LNT,Utilities
LNTH,Health Care Equipment & Services
LOB,Banks
LOCO,Consumer Services
LOGC,"Pharmaceuticals, Biotechnology & Life Sciences"
LOGM,Software & Services
LOPE,Consumer Services
LORL,Media & Entertainment
LOVE,Consumer Durables & Apparel
LOW,Retailing
LPG,Energy
LPI,Energy
LPLA,Diversified Financials
LPSN,Software & Services
LPX,Materials
LQDA,"Pharmaceuticals, Biotechnology & Life Sciences"
LQDT,Retailing
LRCX,Semiconductors & Semiconductor Equipment
LRN,Consumer Services
LSCC,Semiconductors & Semiconductor Equipment
LSI,Real Estate
LSTR,Transportation
LSXMA,Media & Entertainment
LSXMK,Media & Entertainment
LTC,Real Estate
LTHM,Materials
LTRPA,Media & Entertainment
LULU,Consumer Durables & Apparel
LUV,Transportation
LVGO,Health Care Equipment & Services
LVS,Consumer Services
LW,"Food, Beverage & Tobacco"
LXFR,Capital Goods
LXP,Real Estate
LXRX,"Pharmaceuticals, Biotechnology & Life Sciences"
LXU,Materials
LYB,Materials
LYFT,Transportation
LYV,Media & Entertainment
LZB,Consumer Durables & Apparel
M,Retailing
MA,Software & Services
MAA,Real Estate
MAC,Real Estate
MAN,Commercial & Professional Services
MANH,Software & Services
MANT,Software & Services
MAR,Consumer Services
MAS,Capital Goods
MASI,Health Care Equipment & Services
MAT,Consumer Durables & Apparel
MATW,Commercial & Professional Services
MATX,Transportation
MAXR,Capital Goods
MBI,Insurance
MBII,Materials
MBIN,Banks
MBIO,"Pharmaceuticals, Biotechnology & Life Sciences"
MBUU,Consumer Durables & Apparel
MBWM,Banks
MC,Diversified Financials
MCB,Banks
MCBC,Banks
MCBS,Banks
MCD,Consumer Services
MCFT,Consumer Durables & Apparel
MCHP,Semiconductors & Semiconductor Equipment
MCHX,Media & Entertainment
MCK,Health Care Equipment & Services
MCO,Diversified Financials
MCRB,"Pharmaceuticals, Biotechnology & Life Sciences"
MCRI,Consumer Services
MCS,Media & Entertainment
MCY,Insurance
MD,Health Care Equipment & Services
MDB,Software & Services
MDC,Consumer Durables & Apparel
MDCA,Media & Entertainment
MDGL,"Pharmaceuticals, Biotechnology & Life Sciences"
MDLA,Software & Services
MDLZ,"Food, Beverage & Tobacco"
MDP,Media & Entertainment
MDRX,Health Care Equipment & Services
MDT,Health Care Equipment & Services
MDU,Utilities
MEC,Capital Goods
MED,Household & Personal Products
MEDP,"Pharmaceuticals, Biotechnology & Life Sciences"
MEET,Media & Entertainment
MEI,Technology Hardware & Equipment
MEIP,"Pharmaceuticals, Biotechnology & Life Sciences"
MESA,Transportation
MET,Insurance
METC,Materials
MFA,Diversified Financials
MFIN,Diversified Financials
MFNC,Banks
MG,Commercial & Professional Services
MGEE,Utilities
MGLN,Health Care Equipment & Services
MGM,Consumer Services
MGNX,"Pharmaceuticals, Biotechnology & Life Sciences"
MGPI,"Food, Beverage & Tobacco"
MGRC,Commercial & Professional Services
MGTA,"Pharmaceuticals, Biotechnology & Life Sciences"
MGTX,"Pharmaceuticals, Biotechnology & Life Sciences"
MGY,Energy
MHK,Consumer Durables & Apparel
MHO,Consumer Durables & Apparel
MIC,Transportation
MIDD,Capital Goods
MIK,Retailing
MINI,Commercial & Professional Services
MIRM,"Pharmaceuticals, Biotechnology & Life Sciences"
MITK,Software & Services
MITT,Diversified Financials
MJCO,Software & Services
MKC,"Food, Beverage & Tobacco"
MKL,Insurance
MKSI,Semiconductors & Semiconductor Equipment
MKTX,Diversified Financials
MLAB,Health Care Equipment & Services
MLHR,Commercial & Professional Services
MLI,Capital Goods
MLM,Materials
MLND,"Pharmaceuticals, Biotechnology & Life Sciences"
MLP,Real Estate
MLR,Capital Goods
MLVF,Banks
MMAC,Banks
MMC,Insurance
MMI,Real Estate
MMM,Capital Goods
MMS,Software & Services
MMSI,Health Care Equipment & Services
MNK,"Pharmaceuticals, Biotechnology & Life Sciences"
MNKD,"Pharmaceuticals, Biotechnology & Life Sciences"
MNLO,"Pharmaceuticals, Biotechnology & Life Sciences"
MNOV,"Pharmaceuticals, Biotechnology & Life Sciences"
MNR,Real Estate
MNRL,Energy
MNRO,Retailing
MNSB,Banks
MNST,"Food, Beverage & Tobacco"
MNTA,"Pharmaceuticals, Biotechnology & Life Sciences"
MO,"Food, Beverage & Tobacco"
MOBL,Software & Services
MOD,Automobiles & Components
MODN,Software & Services
MOFG,Banks
MOG/A,Capital Goods
MOH,Health Care Equipment & Services
MORF,"Pharmaceuticals, Biotechnology & Life Sciences"
MORN,Diversified Financials
MOS,Materials
MOV,Consumer Durables & Apparel
MPAA,Automobiles & Components
MPB,Banks
MPC,Energy
MPW,Real Estate
MPWR,Semiconductors & Semiconductor Equipment
MPX,Consumer Durables & Apparel
MR,Energy
MRC,Capital Goods
MRCY,Capital Goods
MRK,"Pharmaceuticals, Biotechnology & Life Sciences"
MRKR,"Pharmaceuticals, Biotechnology & Life Sciences"
MRLN,Diversified Financials
MRNA,"Pharmaceuticals, Biotechnology & Life Sciences"
MRNS,"Pharmaceuticals, Biotechnology & Life Sciences"
MRO,Energy
MRSN,"Pharmaceuticals, Biotechnology & Life Sciences"
MRTN,Transportation
MRTX,"Pharmaceuticals, Biotechnology & Life Sciences"
MRVL,Semiconductors & Semiconductor Equipment
MS,Diversified Financials
MSA,Commercial & Professional Services
MSBI,Banks
MSCI,Diversified Financials
MSEX,Utilities
MSFT,Software & Services
MSGE,Media & Entertainment
MSGN,Media & Entertainment
MSGS,Media & Entertainment
MSI,Technology Hardware & Equipment
MSM,Capital Goods
MSON,Health Care Equipment & Services
MSTR,Software & Services
MTB,Banks
MTCH,Media & Entertainment
MTD,"Pharmaceuticals, Biotechnology & Life Sciences"
MTDR,Energy
MTEM,"Pharmaceuticals, Biotechnology & Life Sciences"
MTG,Banks
MTH,Consumer Durables & Apparel
MTN,Consumer Services
MTOR,Capital Goods
MTRN,Materials
MTRX,Energy
MTSC,Technology Hardware & Equipment
MTSI,Semiconductors & Semiconductor Equipment
MTW,Capital Goods
MTX,Materials
MTZ,Capital Goods
MU,Semiconductors & Semiconductor Equipment
MUR,Energy
MUSA,Retailing
MVBF,Banks
MWA,Capital Goods
MXIM,Semiconductors & Semiconductor Equipment
MXL,Semiconductors & Semiconductor Equipment
MYE,Materials
MYGN,"Pharmaceuticals, Biotechnology & Life Sciences"
MYL,"Pharmaceuticals, Biotechnology & Life Sciences"
MYOK,"Pharmaceuticals, Biotechnology & Life Sciences"
MYRG,Capital Goods
NAT,Energy
NATH,Consumer Services
NATI,Technology Hardware & Equipment
NATR,Household & Personal Products
NAV,Capital Goods
NAVI,Diversified Financials
NBEV,"Food, Beverage & Tobacco"
NBHC,Banks
NBIX,"Pharmaceuticals, Biotechnology & Life Sciences"
NBL,Energy
NBN,Banks
NBR,Energy
NBTB,Banks
NC,Energy
NCBS,Banks
NCLH,Consumer Services
NCMI,Media & Entertainment
NCR,Technology Hardware & Equipment
NCSM,Energy
NDAQ,Diversified Financials
NDLS,Consumer Services
NDSN,Capital Goods
NE,Energy
NEE,Utilities
NEM,Materials
NEO,"Pharmaceuticals, Biotechnology & Life Sciences"
NEOG,Health Care Equipment & Services
NERV,"Pharmaceuticals, Biotechnology & Life Sciences"
NESR,Energy
NEU,Materials
NEWR,Software & Services
NEX,Energy
NEXT,Energy
NFBK,Banks
NFG,Utilities
NFLX,Media & Entertainment
NG,Materials
NGHC,Insurance
NGM,"Pharmaceuticals, Biotechnology & Life Sciences"
NGS,Energy
NGVC,Food & Staples Retailing
NGVT,Materials
NHC,Health Care Equipment & Services
NHI,Real Estate
NI,Utilities
NINE,Energy
NJR,Utilities
NKE,Consumer Durables & Apparel
NKSH,Banks
NKTR,"Pharmaceuticals, Biotechnology & Life Sciences"
NL,Commercial & Professional Services
NLOK,Software & Services
NLSN,Commercial & Professional Services
NLY,Diversified Financials
NMIH,Banks
NMRK,Real Estate
NNBR,Capital Goods
NNI,Diversified Financials
NNN,Real Estate
NOC,Capital Goods
NODK,Insurance
NOG,Energy
NOV,Energy
NOVA,Utilities
NOVT,Technology Hardware & Equipment
NOW,Software & Services
NP,Materials
NPK,Capital Goods
NPO,Capital Goods
NPTN,Semiconductors & Semiconductor Equipment
NR,Energy
NRC,Health Care Equipment & Services
NRG,Utilities
NRIM,Banks
NRZ,Diversified Financials
NSA,Real Estate
NSC,Transportation
NSIT,Technology Hardware & Equipment
NSP,Commercial & Professional Services
NSSC,Technology Hardware & Equipment
NSTG,"Pharmaceuticals, Biotechnology & Life Sciences"
NTAP,Technology Hardware & Equipment
NTB,Banks
NTCT,Technology Hardware & Equipment
NTGR,Technology Hardware & Equipment
NTLA,"Pharmaceuticals, Biotechnology & Life Sciences"
NTNX,Software & Services
NTRA,"Pharmaceuticals, Biotechnology & Life Sciences"
NTRS,Diversified Financials
NTUS,Health Care Equipment & Services
NUAN,Software & Services
NUE,Materials
NUS,Household & Personal Products
NUVA,Health Care Equipment & Services
NVAX,"Pharmaceuticals, Biotechnology & Life Sciences"
NVCR,Health Care Equipment & Services
NVDA,Semiconductors & Semiconductor Equipment
NVEC,Semiconductors & Semiconductor Equipment
NVEE,Capital Goods
NVR,Consumer Durables & Apparel
NVRO,Health Care Equipment & Services
NVST,Health Care Equipment & Services
NVT,Capital Goods
NVTA,"Pharmaceuticals, Biotechnology & Life Sciences"
NWBI,Banks
NWE,Utilities
NWFL,Banks
NWL,Consumer Durables & Apparel
NWLI,Insurance
NWN,Utilities
NWPX,Capital Goods
NWS,Media & Entertainment
NWSA,Media & Entertainment
NX,Capital Goods
NXGN,Health Care Equipment & Services
NXRT,Real Estate
NXST,Media & Entertainment
NXTC,"Pharmaceuticals, Biotechnology & Life Sciences"
NYCB,Banks
NYMT,Diversified Financials
NYT,Media & Entertainment
O,Real Estate
OAS,Energy
OBNK,Banks
OC,Capital Goods
OCFC,Banks
OCN,Banks
OCUL,"Pharmaceuticals, Biotechnology & Life Sciences"
OCX,"Pharmaceuticals, Biotechnology & Life Sciences"
ODC,Household & Personal Products
ODFL,Transportation
ODP,Retailing
ODT,"Pharmaceuticals, Biotechnology & Life Sciences"
OEC,Materials
OFC,Real Estate
OFG,Banks
OFIX,Health Care Equipment & Services
OFLX,Capital Goods
OGE,Utilities
OGS,Utilities
OHI,Real Estate
OI,Materials
OII,Energy
OIS,Energy
OKE,Energy
OKTA,Software & Services
OLED,Semiconductors & Semiconductor Equipment
OLLI,Retailing
OLN,Materials
OLP,Real Estate
OMC,Media & Entertainment
OMCL,Health Care Equipment & Services
OMER,"Pharmaceuticals, Biotechnology & Life Sciences"
OMF,Diversified Financials
OMI,Health Care Equipment & Services
ON,Semiconductors & Semiconductor Equipment
ONB,Banks
ONDK,Diversified Financials
ONEM,Health Care Equipment & Services
ONEW,Retailing
ONTO,Semiconductors & Semiconductor Equipment
OOMA,Telecommunication Services
OPB,Banks
OPBK,Banks
OPCH,Health Care Equipment & Services
OPI,Real Estate
OPK,"Pharmaceuticals, Biotechnology & Life Sciences"
OPRT,Diversified Financials
OPRX,Health Care Equipment & Services
OPTN,"Pharmaceuticals, Biotechnology & Life Sciences"
OPY,Diversified Financials
ORA,Utilities
ORBC,Telecommunication Services
ORC,Diversified Financials
ORCL,Software & Services
ORGO,"Pharmaceuticals, Biotechnology & Life Sciences"
ORI,Insurance
ORLY,Retailing
ORRF,Banks
OSBC,Banks
OSG,Energy
OSIS,Technology Hardware & Equipment
OSK,Capital Goods
OSMT,"Pharmaceuticals, Biotechnology & Life Sciences"
OSPN,Software & Services
OSTK,Retailing
OSUR,Health Care Equipment & Services
OSW,Consumer Services
OTIS,Capital Goods
OTTR,Utilities
OUT,Real Estate
OVBC,Banks
OVLY,Banks
OXM,Consumer Durables & Apparel
OXY,Energy
OYST,"Pharmaceuticals, Biotechnology & Life Sciences"
OZK,Banks
PACB,"Pharmaceuticals, Biotechnology & Life Sciences"
PACD,Energy
PACW,Banks
PAG,Retailing
PAHC,"Pharmaceuticals, Biotechnology & Life Sciences"
PANW,Software & Services
PAR,Technology Hardware & Equipment
PARR,Energy
PATK,Capital Goods
PAYC,Software & Services
PAYS,Software & Services
PAYX,Software & Services
PB,Banks
PBCT,Banks
PBF,Energy
PBFS,Banks
PBH,"Pharmaceuticals, Biotechnology & Life Sciences"
PBI,Commercial & Professional Services
PBIP,Banks
PBPB,Consumer Services
PBYI,"Pharmaceuticals, Biotechnology & Life Sciences"
PCAR,Capital Goods
PCB,Banks
PCG,Utilities
PCH,Real Estate
PCRX,"Pharmaceuticals, Biotechnology & Life Sciences"
PCSB,Banks
PCTY,Software & Services
PCYO,Utilities
PD,Software & Services
PDCE,Energy
PDCO,Health Care Equipment & Services
PDFS,Semiconductors & Semiconductor Equipment
PDLB,Banks
PDLI,"Pharmaceuticals, Biotechnology & Life Sciences"
PDM,Real Estate
PE,Energy
PEAK,Real Estate
PEB,Real Estate
PEBK,Banks
PEBO,Banks
PEG,Utilities
PEGA,Software & Services
PEI,Real Estate
PEN,Health Care Equipment & Services
PENN,Consumer Services
PEP,"Food, Beverage & Tobacco"
PETQ,Health Care Equipment & Services
PETS,Retailing
PFBC,Banks
PFBI,Banks
PFE,"Pharmaceuticals, Biotechnology & Life Sciences"
PFG,Insurance
PFGC,Food & Staples Retailing
PFHD,Banks
PFIS,Banks
PFNX,"Pharmaceuticals, Biotechnology & Life Sciences"
PFPT,Software & Services
PFS,Banks
PFSI,Banks
PG,Household & Personal Products
PGC,Banks
PGEN,"Pharmaceuticals, Biotechnology & Life Sciences"
PGNX,"Pharmaceuticals, Biotechnology & Life Sciences"
PGNY,Health Care Equipment & Services
PGR,Insurance
PGRE,Real Estate
PGTI,Capital Goods
PH,Capital Goods
PHAS,"Pharmaceuticals, Biotechnology & Life Sciences"
PHAT,"Pharmaceuticals, Biotechnology & Life Sciences"
PHM,Consumer Durables & Apparel
PHR,Health Care Equipment & Services
PHUN,Software & Services
PHX,Energy
PI,Semiconductors & Semiconductor Equipment
PICO,Commercial & Professional Services
PII,Consumer Durables & Apparel
PINC,Health Care Equipment & Services
PING,Software & Services
PIPR,Diversified Financials
PIRS,"Pharmaceuticals, Biotechnology & Life Sciences"
PJT,Diversified Financials
PK,Real Estate
PKBK,Banks
PKE,Capital Goods
PKG,Materials
PKI,"Pharmaceuticals, Biotechnology & Life Sciences"
PKOH,Capital Goods
PLAB,Semiconductors & Semiconductor Equipment
PLAN,Software & Services
PLAY,Consumer Services
PLCE,Retailing
PLD,Real Estate
PLMR,Insurance
PLNT,Consumer Services
PLOW,Capital Goods
PLPC,Capital Goods
PLSE,Health Care Equipment & Services
PLT,Technology Hardware & Equipment
PLUG,Capital Goods
PLUS,Technology Hardware & Equipment
PLXS,Technology Hardware & Equipment
PM,"Food, Beverage & Tobacco"
PMBC,Banks
PMT,Diversified Financials
PNC,Banks
PNFP,Banks
PNM,Utilities
PNR,Capital Goods
PNRG,Energy
PNTG,Health Care Equipment & Services
PNW,Utilities
PODD,Health Care Equipment & Services
POL,Materials
POOL,Retailing
POR,Utilities
POST,"Food, Beverage & Tobacco"
POWI,Semiconductors & Semiconductor Equipment
POWL,Capital Goods
PPBI,Banks
PPC,"Food, Beverage & Tobacco"
PPD,"Pharmaceuticals, Biotechnology & Life Sciences"
PPG,Materials
PPL,Utilities
PQG,Materials
PRA,Insurance
PRAA,Diversified Financials
PRAH,"Pharmaceuticals, Biotechnology & Life Sciences"
PRDO,Consumer Services
PRFT,Software & Services
PRGO,"Pharmaceuticals, Biotechnology & Life Sciences"
PRGS,Software & Services
PRGX,Software & Services
PRI,Insurance
PRIM,Capital Goods
PRK,Banks
PRLB,Capital Goods
PRNB,"Pharmaceuticals, Biotechnology & Life Sciences"
PRO,Software & Services
PROS,Insurance
PROV,Banks
PRPL,Consumer Durables & Apparel
PRSC,Health Care Equipment & Services
PRSP,Software & Services
PRTA,"Pharmaceuticals, Biotechnology & Life Sciences"
PRTH,Software & Services
PRTK,"Pharmaceuticals, Biotechnology & Life Sciences"
PRTY,Retailing
PRU,Insurance
PRVL,"Pharmaceuticals, Biotechnology & Life Sciences"
PS,Software & Services
PSA,Real Estate
PSB,Real Estate
PSMT,Food & Staples Retailing
PSN,Capital Goods
PSNL,"Pharmaceuticals, Biotechnology & Life Sciences"
PSTG,Technology Hardware & Equipment
PSX,Energy
PTC,Software & Services
PTCT,"Pharmaceuticals, Biotechnology & Life Sciences"
PTE,"Pharmaceuticals, Biotechnology & Life Sciences"
PTEN,Energy
PTGX,"Pharmaceuticals, Biotechnology & Life Sciences"
PTLA,"Pharmaceuticals, Biotechnology & Life Sciences"
PTN,"Pharmaceuticals, Biotechnology & Life Sciences"
PTSI,Transportation
PTVCB,Insurance
PUB,Banks
PUMP,Energy
PVAC,Energy
PVBC,Banks
PVH,Consumer Durables & Apparel
PWOD,Banks
PWR,Capital Goods
PXD,Energy
PYPL,Software & Services
PYX,"Food, Beverage & Tobacco"
PZN,Diversified Financials
PZZA,Consumer Services
QADA,Software & Services
QCOM,Semiconductors & Semiconductor Equipment
QCRH,Banks
QDEL,Health Care Equipment & Services
QEP,Energy
QGEN,"Pharmaceuticals, Biotechnology & Life Sciences"
QLYS,Software & Services
QNST,Media & Entertainment
QRTEA,Retailing
QRVO,Semiconductors & Semiconductor Equipment
QTRX,"Pharmaceuticals, Biotechnology & Life Sciences"
QTS,Real Estate
QTWO,Software & Services
QUAD,Commercial & Professional Services
QUOT,Retailing
R,Transportation
RAD,Food & Staples Retailing
RAMP,Software & Services
RAPT,"Pharmaceuticals, Biotechnology & Life Sciences"
RARE,"Pharmaceuticals, Biotechnology & Life Sciences"
RAVN,Capital Goods
RBB,Banks
RBBN,Technology Hardware & Equipment
RBC,Capital Goods
RBCAA,Banks
RBNC,Banks
RC,Diversified Financials
RCII,Retailing
RCKT,"Pharmaceuticals, Biotechnology & Life Sciences"
RCKY,Consumer Durables & Apparel
RCL,Consumer Services
RCM,Health Care Equipment & Services
RCUS,"Pharmaceuticals, Biotechnology & Life Sciences"
RDFN,Real Estate
RDI,Media & Entertainment
RDN,Banks
RDNT,Health Care Equipment & Services
RDUS,"Pharmaceuticals, Biotechnology & Life Sciences"
RE,Insurance
REAL,Retailing
REG,Real Estate
REGI,Energy
REGN,"Pharmaceuticals, Biotechnology & Life Sciences"
REI,Energy
REPH,"Pharmaceuticals, Biotechnology & Life Sciences"
REPL,"Pharmaceuticals, Biotechnology & Life Sciences"
RES,Energy
RESI,Real Estate
RETA,"Pharmaceuticals, Biotechnology & Life Sciences"
REV,Household & Personal Products
REVG,Capital Goods
REX,Energy
REXR,Real Estate
REYN,Household & Personal Products
REZI,Capital Goods
RF,Banks
RFL,Real Estate
RGA,Insurance
RGCO,Utilities
RGEN,"Pharmaceuticals, Biotechnology & Life Sciences"
RGLD,Materials
RGNX,"Pharmaceuticals, Biotechnology & Life Sciences"
RGP,Commercial & Professional Services
RGR,Consumer Durables & Apparel
RGS,Consumer Services
RH,Retailing
RHI,Commercial & Professional Services
RHP,Real Estate
RICK,Consumer Services
RIG,Energy
RIGL,"Pharmaceuticals, Biotechnology & Life Sciences"
RILY,Diversified Financials
RJF,Diversified Financials
RL,Consumer Durables & Apparel
RLGT,Transportation
RLGY,Real Estate
RLH,Consumer Services
RLI,Insurance
RLJ,Real Estate
RM,Diversified Financials
RMAX,Real Estate
RMBI,Banks
RMBS,Semiconductors & Semiconductor Equipment
RMD,Health Care Equipment & Services
RMNI,Software & Services
RMR,Real Estate
RMTI,Health Care Equipment & Services
RNET,Energy
RNG,Software & Services
RNR,Insurance
RNST,Banks
ROAD,Capital Goods
ROCK,Capital Goods
ROG,Technology Hardware & Equipment
ROIC,Real Estate
ROK,Capital Goods
ROKU,Media & Entertainment
ROL,Commercial & Professional Services
ROLL,Capital Goods
ROP,Capital Goods
ROSE,Energy
ROST,Retailing
RP,Software & Services
RPAI,Real Estate
RPD,Software & Services
RPM,Materials
RPT,Real Estate
RRBI,Banks
RRC,Energy
RRD,Commercial & Professional Services
RRGB,Consumer Services
RRR,Consumer Services
RS,Materials
RSG,Commercial & Professional Services
RST,Software & Services
RTIX,Health Care Equipment & Services
RTRX,"Pharmaceuticals, Biotechnology & Life Sciences"
RTW,Retailing
RTX,Capital Goods
RUBI,Retailing
RUBY,"Pharmaceuticals, Biotechnology & Life Sciences"
RUN,Capital Goods
RUSHA,Capital Goods
RUSHB,Capital Goods
RUTH,Consumer Services
RVI,Real Estate
RVMD,"Pharmaceuticals, Biotechnology & Life Sciences"
RVNC,"Pharmaceuticals, Biotechnology & Life Sciences"
RVSB,Banks
RWT,Diversified Financials
RXN,Capital Goods
RYAM,Materials
RYI,Materials
RYN,Real Estate
RYTM,"Pharmaceuticals, Biotechnology & Life Sciences"
SABR,Software & Services
SAFE,Real Estate
SAFM,"Food, Beverage & Tobacco"
SAFT,Insurance
SAGE,"Pharmaceuticals, Biotechnology & Life Sciences"
SAH,Retailing
SAIA,Transportation
SAIC,Software & Services
SAIL,Software & Services
SALT,Transportation
SAM,"Food, Beverage & Tobacco"
SAMG,Diversified Financials
SANM,Technology Hardware & Equipment
SASR,Banks
SATS,Technology Hardware & Equipment
SAVE,Transportation
SB,Transportation
SBAC,Real Estate
SBBP,"Pharmaceuticals, Biotechnology & Life Sciences"
SBBX,Banks
SBCF,Banks
SBGI,Media & Entertainment
SBH,Retailing
SBNY,Banks
SBOW,Energy
SBRA,Real Estate
SBSI,Banks
SBT,Banks
SBUX,Consumer Services
SC,Diversified Financials
SCCO,Materials
SCHL,Media & Entertainment
SCHN,Materials
SCHW,Diversified Financials
SCI,Consumer Services
SCL,Materials
SCOR,Media & Entertainment
SCS,Commercial & Professional Services
SCSC,Technology Hardware & Equipment
SCU,Diversified Financials
SCVL,Retailing
SCWX,Software & Services
SD,Energy
SDGR,Health Care Equipment & Services
SDRL,Energy
SEAS,Consumer Services
SEB,"Food, Beverage & Tobacco"
SEE,Materials
SEIC,Diversified Financials
SEM,Health Care Equipment & Services
SENEA,"Food, Beverage & Tobacco"
SENS,Health Care Equipment & Services
SERV,Consumer Services
SF,Diversified Financials
SFBS,Banks
SFE,Diversified Financials
SFIX,Retailing
SFL,Energy
SFM,Food & Staples Retailing
SFNC,Banks
SFST,Banks
SGA,Media & Entertainment
SGC,Consumer Durables & Apparel
SGEN,"Pharmaceuticals, Biotechnology & Life Sciences"
SGH,Semiconductors & Semiconductor Equipment
SGMO,"Pharmaceuticals, Biotechnology & Life Sciences"
SGMS,Consumer Services
SGRY,Health Care Equipment & Services
SHAK,Consumer Services
SHBI,Banks
SHEN,Telecommunication Services
SHO,Real Estate
SHOO,Consumer Durables & Apparel
SHSP,Software & Services
SHW,Materials
SI,Banks
SIBN,Health Care Equipment & Services
SIC,Consumer Services
SIEB,Diversified Financials
SIEN,Health Care Equipment & Services
SIG,Retailing
SIGA,"Pharmaceuticals, Biotechnology & Life Sciences"
SIGI,Insurance
SILK,Health Care Equipment & Services
SIRI,Media & Entertainment
SITC,Real Estate
SITE,Capital Goods
SITM,Semiconductors & Semiconductor Equipment
SIVB,Banks
SIX,Consumer Services
SJI,Utilities
SJM,"Food, Beverage & Tobacco"
SJW,Utilities
SKT,Real Estate
SKX,Consumer Durables & Apparel
SKY,Consumer Durables & Apparel
SKYW,Transportation
SLAB,Semiconductors & Semiconductor Equipment
SLB,Energy
SLCA,Energy
SLCT,Banks
SLDB,"Pharmaceuticals, Biotechnology & Life Sciences"
SLG,Real Estate
SLGN,Materials
SLM,Diversified Financials
SLP,Health Care Equipment & Services
SM,Energy
SMAR,Software & Services
SMBC,Banks
SMBK,Banks
SMG,Materials
SMHI,Energy
SMMF,Banks
SMP,Automobiles & Components
SMPL,"Food, Beverage & Tobacco"
SMTC,Semiconductors & Semiconductor Equipment
SNA,Capital Goods
SNBR,Retailing
SNCR,Software & Services
SND,Energy
SNDR,Transportation
SNDX,"Pharmaceuticals, Biotechnology & Life Sciences"
SNPS,Software & Services
SNR,Real Estate
SNV,Banks
SNX,Technology Hardware & Equipment
SO,Utilities
SOI,Energy
SOLY,Health Care Equipment & Services
SON,Materials
SONA,Banks
SONM,Technology Hardware & Equipment
SONO,Consumer Durables & Apparel
SP,Commercial & Professional Services
SPAR,Capital Goods
SPB,Household & Personal Products
SPFI,Banks
SPG,Real Estate
SPGI,Diversified Financials
SPKE,Utilities
SPLK,Software & Services
SPNE,Health Care Equipment & Services
SPOK,Telecommunication Services
SPOT,Media & Entertainment
SPPI,"Pharmaceuticals, Biotechnology & Life Sciences"
SPR,Capital Goods
SPRO,"Pharmaceuticals, Biotechnology & Life Sciences"
SPSC,Software & Services
SPT,Software & Services
SPTN,Food & Staples Retailing
SPWH,Retailing
SPWR,Semiconductors & Semiconductor Equipment
SPXC,Capital Goods
SQ,Software & Services
SR,Utilities
SRC,Real Estate
SRCE,Banks
SRCL,Commercial & Professional Services
SRDX,Health Care Equipment & Services
SRE,Utilities
SRG,Real Estate
SRI,Automobiles & Components
SRNE,"Pharmaceuticals, Biotechnology & Life Sciences"
SRPT,"Pharmaceuticals, Biotechnology & Life Sciences"
SRRK,"Pharmaceuticals, Biotechnology & Life Sciences"
SRT,Software & Services
SSB,Banks
SSD,Capital Goods
SSNC,Software & Services
SSP,Media & Entertainment
SSTI,Software & Services
SSTK,Retailing
SSYS,Technology Hardware & Equipment
ST,Capital Goods
STAA,Health Care Equipment & Services
STAG,Real Estate
STAR,Real Estate
STAY,Consumer Services
STBA,Banks
STC,Insurance
STE,Health Care Equipment & Services
STFC,Insurance
STIM,Health Care Equipment & Services
STL,Banks
STLD,Materials
STML,"Pharmaceuticals, Biotechnology & Life Sciences"
STMP,Retailing
STNG,Energy
STOK,"Pharmaceuticals, Biotechnology & Life Sciences"
STOR,Real Estate
STRA,Consumer Services
STRL,Capital Goods
STRO,"Pharmaceuticals, Biotechnology & Life Sciences"
STRS,Real Estate
STSA,"Pharmaceuticals, Biotechnology & Life Sciences"
STT,Diversified Financials
STWD,Diversified Financials
STXB,Banks
STZ,"Food, Beverage & Tobacco"
SUI,Real Estate
SUM,Materials
SUPN,"Pharmaceuticals, Biotechnology & Life Sciences"
SVC,Real Estate
SVMK,Software & Services
SVRA,"Pharmaceuticals, Biotechnology & Life Sciences"
SWAV,Health Care Equipment & Services
SWCH,Software & Services
SWI,Software & Services
SWK,Capital Goods
SWKS,Semiconductors & Semiconductor Equipment
SWM,Materials
SWN,Energy
SWTX,"Pharmaceuticals, Biotechnology & Life Sciences"
SWX,Utilities
SXC,Materials
SXI,Capital Goods
SXT,Materials
SYBT,Banks
SYBX,"Pharmaceuticals, Biotechnology & Life Sciences"
SYF,Diversified Financials
SYK,Health Care Equipment & Services
SYKE,Software & Services
SYNA,Semiconductors & Semiconductor Equipment
SYNH,"Pharmaceuticals, Biotechnology & Life Sciences"
SYNL,Materials
SYRS,"Pharmaceuticals, Biotechnology & Life Sciences"
SYX,Capital Goods
SYY,Food & Staples Retailing
T,Telecommunication Services
TACO,Consumer Services
TALO,Energy
TAP,"Food, Beverage & Tobacco"
TAST,Consumer Services
TBBK,Banks
TBI,Commercial & Professional Services
TBIO,"Pharmaceuticals, Biotechnology & Life Sciences"
TBK,Banks
TBNK,Banks
TBPH,"Pharmaceuticals, Biotechnology & Life Sciences"
TCBI,Banks
TCBK,Banks
TCDA,"Pharmaceuticals, Biotechnology & Life Sciences"
TCF,Banks
TCFC,Banks
TCI,Real Estate
TCMD,Health Care Equipment & Services
TCO,Real Estate
TCRR,"Pharmaceuticals, Biotechnology & Life Sciences"
TCS,Retailing
TCX,Software & Services
TDC,Software & Services
TDG,Capital Goods
TDOC,Health Care Equipment & Services
TDS,Telecommunication Services
TDW,Energy
TDY,Capital Goods
TEAM,Software & Services
TECD,Technology Hardware & Equipment
TECH,"Pharmaceuticals, Biotechnology & Life Sciences"
TELL,Energy
TEN,Automobiles & Components
TENB,Software & Services
TER,Semiconductors & Semiconductor Equipment
TERP,Utilities
TESS,Technology Hardware & Equipment
TEUM,Software & Services
TEX,Capital Goods
TFC,Banks
TFSL,Banks
TFX,Health Care Equipment & Services
TG,Materials
TGH,Capital Goods
TGI,Capital Goods
TGNA,Media & Entertainment
TGT,Retailing
TGTX,"Pharmaceuticals, Biotechnology & Life Sciences"
TH,Consumer Services
THC,Health Care Equipment & Services
THFF,Banks
THG,Insurance
THO,Automobiles & Components
THR,Capital Goods
THRM,Automobiles & Components
THS,"Food, Beverage & Tobacco"
TIF,Retailing
TILE,Commercial & Professional Services
TIPT,Insurance
TISI,Commercial & Professional Services
TITN,Capital Goods
TIVO,Software & Services
TJX,Retailing
TK,Energy
TKR,Capital Goods
TLRD,Retailing
TLYS,Retailing
TMDX,Health Care Equipment & Services
TMHC,Consumer Durables & Apparel
TMO,"Pharmaceuticals, Biotechnology & Life Sciences"
TMP,Banks
TMST,Materials
TMUS,Telecommunication Services
TNAV,Software & Services
TNC,Capital Goods
TNDM,Health Care Equipment & Services
TNET,Commercial & Professional Services
TNK,Energy
TOCA,"Pharmaceuticals, Biotechnology & Life Sciences"
TOL,Consumer Durables & Apparel
TORC,"Pharmaceuticals, Biotechnology & Life Sciences"
TOWN,Banks
TPB,"Food, Beverage & Tobacco"
TPC,Capital Goods
TPCO,Media & Entertainment
TPH,Consumer Durables & Apparel
TPIC,Capital Goods
TPR,Consumer Durables & Apparel
TPRE,Insurance
TPTX,"Pharmaceuticals, Biotechnology & Life Sciences"
TPX,Consumer Durables & Apparel
TR,"Food, Beverage & Tobacco"
TRC,Real Estate
TREC,Materials
TREE,Diversified Financials
TREX,Capital Goods
TRGP,Energy
TRHC,Health Care Equipment & Services
TRIP,Media & Entertainment
TRMB,Technology Hardware & Equipment
TRMK,Banks
TRN,Capital Goods
TRNO,Real Estate
TRNS,Capital Goods
TROW,Diversified Financials
TROX,Materials
TRS,Capital Goods
TRST,Banks
TRTN,Capital Goods
TRTX,Diversified Financials
TRU,Commercial & Professional Services
TRUE,Media & Entertainment
TRUP,Insurance
TRV,Insurance
TRWH,Consumer Services
TRXC,Health Care Equipment & Services
TSBK,Banks
TSC,Banks
TSCO,Retailing
TSE,Materials
TSLA,Automobiles & Components
TSN,"Food, Beverage & Tobacco"
TT,Capital Goods
TTC,Capital Goods
TTD,Software & Services
TTEC,Software & Services
TTEK,Commercial & Professional Services
TTGT,Media & Entertainment
TTI,Energy
TTMI,Technology Hardware & Equipment
TTWO,Media & Entertainment
TUP,Consumer Durables & Apparel
TUSK,Energy
TVTY,Health Care Equipment & Services
TWI,Capital Goods
TWIN,Capital Goods
TWLO,Software & Services
TWNK,"Food, Beverage & Tobacco"
TWO,Diversified Financials
TWOU,Software & Services
TWST,"Pharmaceuticals, Biotechnology & Life Sciences"
TWTR,Media & Entertainment
TXMD,"Pharmaceuticals, Biotechnology & Life Sciences"
TXN,Semiconductors & Semiconductor Equipment
TXRH,Consumer Services
TXT,Capital Goods
TYL,Software & Services
TYME,"Pharmaceuticals, Biotechnology & Life Sciences"
TZOO,Media & Entertainment
UA,Consumer Durables & Apparel
UAA,Consumer Durables & Apparel
UAL,Transportation
UBA,Real Estate
UBER,Transportation
UBFO,Banks
UBSI,Banks
UBX,"Pharmaceuticals, Biotechnology & Life Sciences"
UCBI,Banks
UCTT,Semiconductors & Semiconductor Equipment
UDR,Real Estate
UE,Real Estate
UEC,Energy
UEIC,Consumer Durables & Apparel
UFCS,Insurance
UFI,Consumer Durables & Apparel
UFPI,Capital Goods
UFPT,Materials
UFS,Materials
UGI,Utilities
UHAL,Transportation
UHS,Health Care Equipment & Services
UHT,Real Estate
UI,Technology Hardware & Equipment
UIHC,Insurance
UIS,Software & Services
ULH,Transportation
ULTA,Retailing
UMBF,Banks
UMH,Real Estate
UMPQ,Banks
UNB,Banks
UNF,Commercial & Professional Services
UNFI,Food & Staples Retailing
UNH,Health Care Equipment & Services
UNIT,Real Estate
UNM,Insurance
UNP,Transportation
UNT,Energy
UNTY,Banks
UNVR,Capital Goods
UPLD,Software & Services
UPS,Transportation
UPWK,Commercial & Professional Services
URBN,Retailing
URGN,"Pharmaceuticals, Biotechnology & Life Sciences"
URI,Capital Goods
USB,Banks
USCR,Materials
USFD,Food & Staples Retailing
USLM,Materials
USM,Telecommunication Services
USNA,Household & Personal Products
USPH,Health Care Equipment & Services
USWS,Energy
USX,Transportation
UTHR,"Pharmaceuticals, Biotechnology & Life Sciences"
UTL,Utilities
UTMD,Health Care Equipment & Services
UUUU,Energy
UVE,Insurance
UVSP,Banks
UVV,"Food, Beverage & Tobacco"
V,Software & Services
VAC,Consumer Services
VALU,Diversified Financials
VAPO,Health Care Equipment & Services
VAR,Health Care Equipment & Services
VBIV,"Pharmaceuticals, Biotechnology & Life Sciences"
VBTX,Banks
VC,Automobiles & Components
VCEL,"Pharmaceuticals, Biotechnology & Life Sciences"
VCRA,Health Care Equipment & Services
VCYT,"Pharmaceuticals, Biotechnology & Life Sciences"
VEC,Capital Goods
VECO,Semiconductors & Semiconductor Equipment
VEEV,Health Care Equipment & Services
VEL,Banks
VER,Real Estate
VFC,Consumer Durables & Apparel
VG,Telecommunication Services
VGR,"Food, Beverage & Tobacco"
VHC,Software & Services
VHI,Materials
VIAC,Media & Entertainment
VIACA,Media & Entertainment
VIAV,Technology Hardware & Equipment
VICI,Real Estate
VICR,Capital Goods
VIE,"Pharmaceuticals, Biotechnology & Life Sciences"
VIR,"Pharmaceuticals, Biotechnology & Life Sciences"
VIRT,Diversified Financials
VIVO,Health Care Equipment & Services
VKTX,"Pharmaceuticals, Biotechnology & Life Sciences"
VLGEA,Food & Staples Retailing
VLO,Energy
VLY,Banks
VMC,Materials
VMI,Capital Goods
VMW,Software & Services
VNCE,Consumer Durables & Apparel
VNDA,"Pharmaceuticals, Biotechnology & Life Sciences"
VNO,Real Estate
VOYA,Diversified Financials
VPG,Technology Hardware & Equipment
VRA,Consumer Durables & Apparel
VRAY,Health Care Equipment & Services
VRCA,"Pharmaceuticals, Biotechnology & Life Sciences"
VREX,Health Care Equipment & Services
VRNS,Software & Services
VRNT,Software & Services
VRRM,Software & Services
VRS,Materials
VRSK,Commercial & Professional Services
VRSN,Software & Services
VRTS,Diversified Financials
VRTU,Software & Services
VRTV,Capital Goods
VRTX,"Pharmaceuticals, Biotechnology & Life Sciences"
VSAT,Technology Hardware & Equipment
VSEC,Commercial & Professional Services
VSH,Technology Hardware & Equipment
VSLR,Capital Goods
VST,Utilities
VSTO,Consumer Durables & Apparel
VTR,Real Estate
VVI,Commercial & Professional Services
VVV,Materials
VYGR,"Pharmaceuticals, Biotechnology & Life Sciences"
VZ,Telecommunication Services
W,Retailing
WAB,Capital Goods
WABC,Banks
WAFD,Banks
WAL,Banks
WASH,Banks
WAT,"Pharmaceuticals, Biotechnology & Life Sciences"
WATT,Capital Goods
WBA,Food & Staples Retailing
WBC,Capital Goods
WBS,Banks
WBT,Capital Goods
WCC,Capital Goods
WD,Banks
WDAY,Software & Services
WDC,Technology Hardware & Equipment
WDFC,Household & Personal Products
WDR,Diversified Financials
WEC,Utilities
WELL,Real Estate
WEN,Consumer Services
WERN,Transportation
WETF,Diversified Financials
WEX,Software & Services
WEYS,Retailing
WFC,Banks
WGO,Automobiles & Components
WH,Consumer Services
WHD,Energy
WHG,Diversified Financials
WHR,Consumer Durables & Apparel
WIFI,Telecommunication Services
WINA,Retailing
WING,Consumer Services
WIRE,Capital Goods
WK,Software & Services
WLDN,Commercial & Professional Services
WLFC,Capital Goods
WLK,Materials
WLL,Energy
WLTW,Insurance
WM,Commercial & Professional Services
WMB,Energy
WMC,Diversified Financials
WMGI,Health Care Equipment & Services
WMK,Food & Staples Retailing
WMS,Capital Goods
WMT,Food & Staples Retailing
WNC,Capital Goods
WNEB,Banks
WOR,Materials
WOW,Media & Entertainment
WPC,Real Estate
WPG,Real Estate
WPX,Energy
WRB,Insurance
WRE,Real Estate
WRI,Real Estate
WRK,Materials
WRLD,Diversified Financials
WRTC,Technology Hardware & Equipment
WSBC,Banks
WSBF,Banks
WSC,Capital Goods
WSFS,Banks
WSM,Retailing
WSO,Capital Goods
WSR,Real Estate
WST,Health Care Equipment & Services
WTBA,Banks
WTFC,Banks
WTI,Energy
WTM,Insurance
WTRE,Insurance
WTRG,Utilities
WTRH,Retailing
WTS,Capital Goods
WTTR,Energy
WU,Software & Services
WVE,"Pharmaceuticals, Biotechnology & Life Sciences"
WW,Consumer Services
WWD,Capital Goods
WWE,Media & Entertainment
WWW,Consumer Durables & Apparel
WY,Real Estate
WYND,Consumer Services
WYNN,Consumer Services
X,Materials
XAN,Diversified Financials
XBIT,"Pharmaceuticals, Biotechnology & Life Sciences"
XEC,Energy
XEL,Utilities
XELA,Software & Services
XENT,"Pharmaceuticals, Biotechnology & Life Sciences"
XERS,"Pharmaceuticals, Biotechnology & Life Sciences"
XFOR,"Pharmaceuticals, Biotechnology & Life Sciences"
XGN,Health Care Equipment & Services
XHR,Real Estate
XLNX,Semiconductors & Semiconductor Equipment
XLRN,"Pharmaceuticals, Biotechnology & Life Sciences"
XNCR,"Pharmaceuticals, Biotechnology & Life Sciences"
XOG,Energy
XOM,Energy
XPER,Semiconductors & Semiconductor Equipment
XPO,Transportation
XRAY,Health Care Equipment & Services
XRX,Technology Hardware & Equipment
XXII,"Food, Beverage & Tobacco"
XYL,Capital Goods
Y,Insurance
YCBD,"Pharmaceuticals, Biotechnology & Life Sciences"
YELP,Media & Entertainment
YETI,Consumer Durables & Apparel
YEXT,Software & Services
YGYI,Household & Personal Products
YMAB,"Pharmaceuticals, Biotechnology & Life Sciences"
YORW,Utilities
YRCW,Transportation
YUM,Consumer Services
YUMC,Consumer Services
Z,Media & Entertainment
ZAGG,Consumer Durables & Apparel
ZBH,Health Care Equipment & Services
ZBRA,Technology Hardware & Equipment
ZEN,Software & Services
ZEUS,Materials
ZG,Media & Entertainment
ZGNX,"Pharmaceuticals, Biotechnology & Life Sciences"
ZION,Banks
ZIOP,"Pharmaceuticals, Biotechnology & Life Sciences"
ZIXI,Software & Services
ZNGA,Media & Entertainment
ZS,Software & Services
ZTS,"Pharmaceuticals, Biotechnology & Life Sciences"
ZUMZ,Retailing
ZUO,Software & Services
ZYNE,"Pharmaceuticals, Biotechnology & Life Sciences"
ZYXI,Health Care Equipment & Services
AMCR,Materials
BRK.B,Diversified Financials
BF.B,"Food, Beverage & Tobacco"
LUMN,Telecommunication Services
STX,Technology Hardware & Equipment
TEL,Technology Hardware & Equipment
FTI,Energy
VTRS,"Pharmaceuticals, Biotechnology & Life Sciences"
VNT,Technology Hardware & Equipment